feature,permutation_mean,permutation_std
clustering_index,0.9634872333862063,0.10179045752377348
max_ipr,0.29919907259540396,0.035746755791325094
mean_defect_distance,0.08691375993954628,0.010995433511885203
energy_bandwidth,0.038839029335295434,0.009961396527127535
defect_strength,0.025221594608163866,0.007695114916460009
energy_gap,0.0007342784368152241,0.0034527497555921108
