experiment,MAE,RMSE,R2
Full-feature Random Forest,0.0016576492456992964,0.0024474255367061574,0.999109857424363
Reduced-feature Random Forest,0.02404766896941422,0.035421045636567484,0.813549584931985
