experiment,model,MAE,RMSE,R2
Full-feature surrogate,Random Forest,0.0016672955603237133,0.002493472011975762,0.9990760476058147
Full-feature surrogate,Gradient Boosting,0.0018088033335672577,0.0023812032273762564,0.9991573765825267
Reduced-feature prediction,Random Forest,0.024148975712096225,0.03555781967041602,0.8121068939820727
Reduced-feature prediction,Gradient Boosting,0.022715319373992314,0.03180110066738265,0.8497117931618314
